"","x.1","x.2","clase"
"1",-0.335945815172963,1.75194515526518,"1"
"2",1.05485282007913,0.653542893076781,"1"
"3",0.553878237680877,2.17378037677936,"1"
"4",0.947580958553168,-0.227654602004749,"1"
"5",-1.05428615422781,-0.490838657376944,"1"
"6",1.17956322596346,-0.416827520646024,"1"
"7",0.544755652920553,0.110522031741713,"1"
"8",-0.418237446724425,0.482973645909346,"1"
"9",1.42284649212889,0.525373166616512,"1"
"10",-0.357012326375344,-0.415863670387591,"1"
"11",2.50575845003497,1.89977325061003,"1"
"12",0.886369187218017,0.32673861344213,"1"
"13",-1.01196507700948,0.506761703030083,"1"
"14",-1.08488039943573,1.677725981329,"1"
"15",1.37474808135792,-1.21663120472101,"1"
"16",-0.729918011458041,-0.72048594837704,"1"
"17",-0.000457233123497331,0.541915977629327,"1"
"18",1.59555755517237,-0.575369204950482,"1"
"19",0.366471293519161,-1.21617431572584,"1"
"20",0.925513362035241,-0.594999268762882,"1"
"21",0.39489877068832,-0.544519810645906,"1"
"22",-0.512191164837948,-0.290696918369797,"1"
"23",0.0836548440189998,2.01620296442277,"1"
"24",-0.445469372554105,-0.240565720921583,"1"
"25",-0.716218818901277,0.998329700062076,"1"
"26",1.44345461335443,0.0238736213956878,"1"
"27",1.25562217223264,-0.630945858770717,"1"
"28",-0.902997667319031,0.313996946698743,"1"
"29",0.798802700163602,-1.49680479184807,"1"
"30",-0.353080986973542,0.855935184080696,"1"
"31",-1.15985944124448,0.509496217358313,"1"
"32",0.345004716849799,-0.82576743140403,"1"
"33",0.718923802303357,1.31200459152696,"1"
"34",-0.709589066570353,0.0421342943446172,"1"
"35",-1.7697540955713,-0.891535441352709,"1"
"36",1.79846965844695,2.17824379171193,"1"
"37",-1.0751979547771,-1.49339034031852,"1"
"38",0.823444697770599,0.196837983617052,"1"
"39",-1.21025645027774,-0.0071851878042,"1"
"40",0.632501647492214,-2.68685675844413,"1"
"41",1.98500533889796,0.605205257436054,"1"
"42",0.997077920555817,0.367485974330957,"1"
"43",-0.984475651127419,0.502953621895928,"1"
"44",-1.66704178103576,1.17735417223259,"1"
"45",-0.408371417462607,-0.0699087952347168,"1"
"46",0.207856907469067,0.00077570720029393,"1"
"47",1.96777703507655,0.12065864419771,"1"
"48",-0.158799524733541,1.70893840776142,"1"
"49",0.551713696722073,1.04744348867456,"1"
"50",-0.320619213447963,0.540126125110688,"1"
"51",0.401177830437691,-2.14453075620031,"1"
"52",0.599852077846246,1.14785939082338,"1"
"53",1.63080107299709,1.23298034583006,"1"
"54",-0.423128152451498,-0.422987388318658,"1"
"55",-1.00357465172723,-0.402667569397444,"1"
"56",-1.30010488506685,-0.50012887265262,"1"
"57",0.536774802806792,-0.134024265238749,"1"
"58",1.70928137996986,-1.36509995678977,"1"
"59",-1.91698432849474,-0.503976795272428,"1"
"60",0.262628268374144,0.0811703678957119,"1"
"61",-1.45797348773519,-0.246858496887379,"1"
"62",0.151736548804952,-0.378830141210445,"1"
"63",-0.144237190575693,0.565388921050474,"1"
"64",1.28543398572401,0.169495960245006,"1"
"65",-0.553843078883228,0.222994105863352,"1"
"66",0.392085588455178,0.406894020914295,"1"
"67",-0.300959196787333,-0.838227658792117,"1"
"68",-1.58957444987166,-0.391014715138675,"1"
"69",-0.723151757132925,-0.743080424251642,"1"
"70",0.516452895225458,-0.187528872662723,"1"
"71",0.447263576587138,-0.351380535174041,"1"
"72",-0.510377226455059,0.713645076266169,"1"
"73",0.292841012717717,0.093416843279742,"1"
"74",-1.98364034463029,-1.17535984665029,"1"
"75",-1.08937165783094,0.343054932651093,"1"
"76",0.600050600689166,0.128309725289471,"1"
"77",0.300216336184206,0.3911706104608,"1"
"78",0.56681936000577,-1.00817960792992,"1"
"79",0.146743968551761,-1.17822457146384,"1"
"80",0.203362098260136,-0.529597074240571,"1"
"81",0.0366784257339569,-0.27668773869248,"1"
"82",0.476088679068058,-1.25834940094992,"1"
"83",-0.297610934635088,-0.347912742705818,"1"
"84",0.144969524890777,1.61388863772547,"1"
"85",0.226235368269818,-0.746375461218394,"1"
"86",0.268479064781035,-2.01296062366467,"1"
"87",1.04682129399791,-1.81201441005686,"1"
"88",0.324816106832589,-1.12742595557537,"1"
"89",-0.573522922976786,2.69996046626655,"1"
"90",-0.638491770945376,0.0333315297969725,"1"
"91",1.11834311839705,0.0235807027684176,"1"
"92",1.51955617057241,-0.210653912878036,"1"
"93",0.639346324779102,0.912854272013802,"1"
"94",0.132639991497511,-1.10594654146148,"1"
"95",0.446423538551329,-0.0766901439237236,"1"
"96",-1.77076525218409,1.9257658131541,"1"
"97",0.0846555649721703,1.20275950420611,"1"
"98",0.228954910073091,-0.380317127124888,"1"
"99",0.81316294588628,0.215724334505049,"1"
"100",0.826143838659475,0.655129191257108,"1"
"101",-1.10921731910267,1.28802401913407,"1"
"102",-0.622423324818557,2.10972373254042,"1"
"103",-1.38091890918082,-0.161932283350389,"1"
"104",-0.828017009057283,-0.247551636456756,"1"
"105",-0.239825098306912,-0.994919380581267,"1"
"106",-0.819071268974176,0.241962410138922,"1"
"107",-1.95795470082089,1.50209817894427,"1"
"108",0.284320479963413,0.869593619010991,"1"
"109",0.522275916109974,1.16271495438733,"1"
"110",-2.2433482501001,0.867238060655513,"1"
"111",0.536715580851033,-1.12544991197782,"1"
"112",0.389407753423044,-0.450285256486362,"1"
"113",-1.79070043334918,0.274569427905643,"1"
"114",1.56074750962628,-0.0788957860550561,"1"
"115",0.899473079062273,0.491482210766012,"1"
"116",1.37547359284435,0.260067146706159,"1"
"117",-1.00615005471375,-1.29049696824078,"1"
"118",0.0867776009549693,-0.465059746367439,"1"
"119",-0.484452499932139,1.04721462272444,"1"
"120",-1.09863891553971,1.56065686371571,"1"
"121",0.587050066653171,0.924105453129108,"1"
"122",-1.35185379465549,-0.609555345046431,"1"
"123",0.166541348106401,1.59218817800196,"1"
"124",-1.23104397943619,0.891751473817555,"1"
"125",-0.94596352548252,-1.00666128988939,"1"
"126",1.0424404747153,-1.65345060255585,"1"
"127",-1.25157034416198,-1.31691060838212,"1"
"128",-0.530538632596239,-0.418195465036154,"1"
"129",-0.463258132001947,-0.312327826787415,"1"
"130",1.0346854011899,-1.06931812440165,"1"
"131",0.0065192198150788,0.14468051330368,"1"
"132",-1.56241084080703,-0.401115988846981,"1"
"133",0.513564584378913,1.45532267928358,"1"
"134",-0.26451797878676,1.28407817354762,"1"
"135",-1.80619280393893,-0.692753790343913,"1"
"136",0.785517086385592,0.193619337304546,"1"
"137",0.464594647846059,0.453433765207684,"1"
"138",-0.106330518513694,0.0639104380872079,"1"
"139",0.967050161629222,-1.78065001224013,"1"
"140",1.4305385207969,0.962279441199211,"1"
"141",0.810352894974182,0.132819076823649,"1"
"142",1.42571286172056,-0.174846446180597,"1"
"143",0.472107082120709,1.65459299877516,"1"
"144",-0.148093488020204,0.682259849540657,"1"
"145",-0.0602381863407022,-1.37738849297867,"1"
"146",-0.0450478237244019,0.153197855861779,"1"
"147",-0.233225465538451,-0.274337301852406,"1"
"148",-0.479800826634425,0.284121098177756,"1"
"149",-1.03837980299104,0.833400101090199,"1"
"150",-1.12368116616156,-1.58476196564673,"1"
"151",4.34227066820931,-0.0867082616161298,"1"
"152",4.78668016113986,0.00113611567222518,"1"
"153",4.52875478953766,-0.586125504697949,"1"
"154",3.5356677389328,-0.473622919769926,"1"
"155",3.69784142344034,-0.10313731698999,"1"
"156",4.07694462428847,0.0152955471558536,"1"
"157",4.36040582964455,0.293316941168038,"1"
"158",4.4858080428674,0.464086227254607,"1"
"159",3.90473775636029,1.16576100178843,"1"
"160",3.57058207404903,0.805808663729382,"1"
"161",3.64448034657428,0.401284782586564,"1"
"162",4.33965214923609,-0.0372417473132407,"1"
"163",3.72508329122785,-0.0998277986454466,"1"
"164",4.57976347544367,-0.273950837294534,"1"
"165",3.85822579187231,-0.778921744892692,"1"
"166",4.88889695614118,-0.675540031337158,"1"
"167",3.33233077442996,-0.141835674837051,"1"
"168",4.68379242693376,1.04137787001453,"1"
"169",4.14268199564199,0.216589121608454,"1"
"170",4.17064724769553,-1.1097830358843,"1"
"171",3.7185256099338,-0.540976453947573,"1"
"172",3.47359320447377,-0.520609901832404,"1"
"173",3.9446694162727,0.054088868160059,"1"
"174",2.98910465127719,-0.132800868760189,"1"
"175",3.53272340759352,-0.160258854817794,"1"
"176",5.07199710288722,0.169369386157255,"1"
"177",4.09313880841867,-0.278823649484516,"1"
"178",3.19764083890302,0.640873196102639,"1"
"179",4.32982962566958,0.228985984780364,"1"
"180",3.55250239930763,-0.399912684156309,"1"
"181",3.7005744997413,0.578757748969104,"1"
"182",3.64338019356643,-0.148573180666289,"1"
"183",4.19406826175953,0.246069361136527,"1"
"184",3.95038136487745,-0.697270350670541,"1"
"185",3.45504379975926,0.771171301302243,"1"
"186",3.50335838779978,0.278782367252285,"1"
"187",3.75758807064057,0.0942306928839892,"1"
"188",4.13649956268082,-0.024385538606808,"1"
"189",3.54686953637165,0.0280797254872918,"1"
"190",3.40619924742364,-0.159223500757036,"1"
"191",4.8445292161602,-0.432499464789533,"1"
"192",5.07271562311834,0.377065765344387,"1"
"193",4.09460124677633,0.500619366773993,"1"
"194",4.34846939219083,-0.746941056756304,"1"
"195",3.85501233835529,-0.248699001043442,"1"
"196",4.10146871462796,0.060764456577526,"1"
"197",4.05267406803241,-0.171666431373814,"1"
"198",3.90663633810894,-0.190279639007907,"1"
"199",3.80138788458959,0.679387826669002,"1"
"200",5.71725993208597,0.0519203805611501,"1"
"201",5.3028745037693,0.284958454933413,"1"
"202",3.96739255030001,0.0560400694267606,"1"
"203",4.11559140884735,0.848915211858456,"1"
"204",3.44750660165203,-0.0940125165202006,"1"
"205",4.21826042110083,-0.0788745612234026,"1"
"206",3.84878695675594,0.0744084841684324,"1"
"207",3.77751499148477,0.0524842684556051,"1"
"208",4.13143337101773,0.451084607749482,"1"
"209",4.43548077841435,0.193471696081028,"1"
"210",4.38988037943981,0.166239645945189,"1"
"211",3.88105490144134,-0.238713372965434,"1"
"212",3.3247818731057,0.70402806293885,"1"
"213",4.35997399278659,0.316443398577862,"1"
"214",4.14152566097315,-0.337701142137052,"1"
"215",3.33165907307455,0.698710249058466,"1"
"216",3.26318463515417,0.148705485154216,"1"
"217",4.50283271165975,-0.371265590183544,"1"
"218",4.0946399190787,0.220674510243722,"1"
"219",3.77322500979165,-1.00467217864662,"1"
"220",4.79450367088708,0.579982210898372,"1"
"221",4.47253142690926,-0.654263985423186,"1"
"222",2.69609359987894,0.696531024549628,"1"
"223",4.70525646185034,0.792706005488291,"1"
"224",3.58990000424238,0.315369850138341,"1"
"225",4.28388621616701,-0.153453272839139,"1"
"226",3.98406889628816,0.313390472597972,"1"
"227",4.37047962658337,-0.488200725114492,"1"
"228",4.66321432848587,0.438824343451111,"1"
"229",4.05976867316928,0.0602416844843111,"1"
"230",2.93104848793441,-0.382398472013917,"1"
"231",3.97405039776647,0.673774109565137,"1"
"232",4.15279334896258,-0.378417432945316,"1"
"233",3.52739537040808,-0.133664094287202,"1"
"234",3.33635054648725,0.304383561660112,"1"
"235",4.16591649674644,-0.122539960344999,"1"
"236",3.25940230027698,-0.0436423327702383,"1"
"237",3.41249514521857,0.673758714638783,"1"
"238",2.9393366282636,0.04514297130281,"1"
"239",4.28254585682589,-0.645484006078461,"1"
"240",4.24044037489987,0.716564891733397,"1"
"241",3.80312473913294,0.0597273893223614,"1"
"242",4.17814346113178,-0.106911392984075,"1"
"243",3.58515316634733,-0.296257026333214,"1"
"244",3.90392553723516,-0.323733886412511,"1"
"245",4.13088319913411,0.0795008495778855,"1"
"246",4.09929075657919,-0.615762928900331,"1"
"247",3.43188451251363,-0.444855051516338,"1"
"248",3.85666793588996,0.206673213275743,"1"
"249",4.03143748138744,-0.0572501614842807,"1"
"250",3.95375318093934,-0.858355100428622,"1"
"251",2.60752699263913,-0.560145521443277,"1"
"252",4.66241958250112,0.211248672498432,"1"
"253",3.67953560564213,-0.149064056649643,"1"
"254",4.46941240179105,-0.137994618888704,"1"
"255",4.30773335932002,0.0226566750712822,"1"
"256",4.11723004322828,0.305266573423516,"1"
"257",4.05167367294304,-0.32460761974971,"1"
"258",3.99008504352887,-0.440202102762068,"1"
"259",2.90638778781853,0.471696243792719,"1"
"260",3.79013464005442,0.273228707583267,"1"
"261",3.49895050193085,0.53929300886418,"1"
"262",2.91788405594942,-0.16427422293219,"1"
"263",4.4989312447464,0.14009716049184,"1"
"264",4.04924734108434,-0.273747624748968,"1"
"265",3.50417174058212,-0.314444346835001,"1"
"266",3.20904782541588,0.0605348199360215,"1"
"267",3.496090945492,0.775022216000494,"1"
"268",4.05617081383214,0.679913503915958,"1"
"269",3.93093206679505,-0.0180880809431386,"1"
"270",3.95828479972157,0.15835768177892,"1"
"271",4.01703286042185,0.34414127598226,"1"
"272",4.42106094001054,0.476070917255017,"1"
"273",3.22273705326129,0.135488337272122,"1"
"274",4.21978363342487,-0.223604818067939,"1"
"275",4.42180808430517,-0.575109797730409,"1"
"276",4.16563619142825,-0.427707805220144,"1"
"277",3.65122438346649,-0.605413926338398,"1"
"278",3.57263912556473,0.104082913963366,"1"
"279",3.03797667137317,0.0975651705559701,"1"
"280",3.97958945372931,0.608786028932703,"1"
"281",3.09687666248173,0.359373116304721,"1"
"282",3.90974283275618,-0.33603837160682,"1"
"283",3.51954589402449,-0.24432911651646,"1"
"284",4.01834227343847,0.181536163938618,"1"
"285",4.12598033817813,1.25639631684866,"1"
"286",3.73840817473467,-0.474054947110121,"1"
"287",3.81040192791424,1.27967102410151,"1"
"288",3.77468163510426,-0.0259289927678421,"1"
"289",4.15438879047235,0.550498462355172,"1"
"290",3.85749447267186,0.219257958236645,"1"
"291",4.05560181939031,-0.219796273844836,"1"
"292",3.63368711414066,-0.00248020353310659,"1"
"293",3.63853193907945,-0.532618291125888,"1"
"294",4.13798232010831,0.439448734519118,"1"
"295",3.83608470532807,0.149555076633347,"1"
"296",4.25974520939169,-0.334678913910861,"1"
"297",4.6479045059411,-0.711530979953198,"1"
"298",3.78866712692905,0.0263772522665478,"1"
"299",3.02337237097619,0.734052918917819,"1"
"300",3.99860459207525,0.319248068405461,"1"
"301",-3.88019414003885,-2.70517241972803,"-1"
"302",-3.17882001142754,-2.46539770532117,"-1"
"303",-4.64364450452166,-0.325406408543567,"-1"
"304",-0.519611411098216,-2.2955140065361,"-1"
"305",-0.78591478911901,-2.59902242297044,"-1"
"306",-1.08336218000486,-1.51819070579166,"-1"
"307",-1.8691678700972,-3.10853772825455,"-1"
"308",-2.39737837745792,-2.6708139355918,"-1"
"309",-1.19338456983046,-2.13989139078928,"-1"
"310",-3.19970152445932,-1.61800580799608,"-1"
"311",-1.37040956150662,-1.04739248855178,"-1"
"312",-3.54447576542488,-0.485095752639868,"-1"
"313",-2.35466827974338,-1.03968488980113,"-1"
"314",-2.05820830569065,-2.69314382747704,"-1"
"315",-2.96783403772177,-2.31788988780843,"-1"
"316",-1.40308875482592,-0.662674186086851,"-1"
"317",-2.25361189704378,-1.37782000848178,"-1"
"318",-1.3981577605825,-3.28424947997846,"-1"
"319",0.0941074060280194,-1.81674896944812,"-1"
"320",-1.77006483064814,-1.10704741957368,"-1"
"321",-3.29897789757904,-2.07884704357845,"-1"
"322",-1.16967944704211,0.382385759841253,"-1"
"323",-0.85120727117247,-3.64370758785381,"-1"
"324",-0.918650254336044,-2.4630991060582,"-1"
"325",-0.269082042737085,-2.98825928558718,"-1"
"326",-1.4016068796998,-3.37478988687281,"-1"
"327",-2.1620962225098,-0.971848361936059,"-1"
"328",-1.73241226841391,-1.95106393379164,"-1"
"329",-2.13459554211707,0.00985340393071921,"-1"
"330",-1.21615779810874,-3.42137160783868,"-1"
"331",-3.49728578309136,-2.36524291160668,"-1"
"332",-2.51045273574668,-3.39260513283029,"-1"
"333",-1.07427875026172,-3.3218021910742,"-1"
"334",-2.96821469861624,-3.00406622882413,"-1"
"335",-2.23630381627539,-0.599886971932459,"-1"
"336",-0.696575681959635,-2.60749099221587,"-1"
"337",-0.470490296216171,-2.16585777074567,"-1"
"338",-2.33787578704126,-1.69400614867197,"-1"
"339",-3.98205817726547,-2.06517541877507,"-1"
"340",-2.79352920313781,-0.674707028063513,"-1"
"341",-1.85027732604143,-3.06109530922784,"-1"
"342",-0.646201691288817,-1.15573937237943,"-1"
"343",-0.984954948437237,-3.45805215218782,"-1"
"344",-1.14166445568055,-2.94989755688394,"-1"
"345",0.0825237910262175,-0.639783679657178,"-1"
"346",-3.20486271419441,-1.81273697187529,"-1"
"347",-3.38305609498079,-2.67320960071818,"-1"
"348",-2.55785146834058,-1.84168108427507,"-1"
"349",-1.6821587953452,-0.554589090960695,"-1"
"350",-1.00062347812731,-2.02998324653501,"-1"
"351",-2.30249055366545,-2.48900137459979,"-1"
"352",-1.5199091309858,-2.95466346354961,"-1"
"353",-1.78960558714731,-2.76141254660929,"-1"
"354",-3.15423112013463,-1.84647571356147,"-1"
"355",-1.29362359857308,-2.3420041142167,"-1"
"356",-1.69901323141444,0.39634726108588,"-1"
"357",-1.65814261709464,-2.47712055175318,"-1"
"358",-1.97639853225819,-1.52623452261161,"-1"
"359",-1.94312136410213,-2.07905065163297,"-1"
"360",0.11855212606093,-2.63497309864791,"-1"
"361",-2.38879235398083,-1.11077570296984,"-1"
"362",-1.47921493087428,-1.71446661688519,"-1"
"363",0.485957030120674,-1.36634797755172,"-1"
"364",-2.36282716462464,-3.54002013431685,"-1"
"365",-1.38543426087755,-2.96756581268594,"-1"
"366",-2.07164121171818,-1.14664385953457,"-1"
"367",-2.45847350039585,-1.05079840516245,"-1"
"368",-1.65777615077631,-1.44993929386035,"-1"
"369",-2.58286076065045,0.969128144786278,"-1"
"370",-1.52448081852194,-2.91617075448783,"-1"
"371",-2.37829477643178,-1.58738294605283,"-1"
"372",-2.87328590963503,-2.87191808569791,"-1"
"373",-2.21520255499079,-2.71927512619467,"-1"
"374",-2.18288106314859,-1.91687828067753,"-1"
"375",-1.7976643559306,-3.71880918082522,"-1"
"376",-2.06210452595628,-3.61300547672739,"-1"
"377",-2.56394943216705,-1.93656136521197,"-1"
"378",-0.483375834761788,-2.18178941016162,"-1"
"379",-2.36740701286167,-1.57846139336504,"-1"
"380",-0.694621926537327,-2.96710605697999,"-1"
"381",-1.77559687427566,-1.80242042140874,"-1"
"382",-1.88966879627873,-1.95138711482067,"-1"
"383",-1.75225426842476,-1.33532861197884,"-1"
"384",-1.40999306123173,-2.70388208736689,"-1"
"385",-2.15742015327627,0.0735925983899417,"-1"
"386",-2.82433014331855,-0.176888392754028,"-1"
"387",-1.67500975073378,-1.40541326058514,"-1"
"388",-2.06306634844328,-0.956089543861944,"-1"
"389",-3.54716178083463,-1.65267620550919,"-1"
"390",-1.48075975085139,-3.24838009111487,"-1"
"391",0.576515471616373,-1.48496637172856,"-1"
"392",-1.05648086203035,-2.38153784783291,"-1"
"393",-2.89498449450961,-1.5711373789311,"-1"
"394",-2.62045867453647,-0.214784777991107,"-1"
"395",-2.77012541442693,-1.17985934058811,"-1"
"396",-1.33453106166064,-3.04641399358134,"-1"
"397",-4.01262038526327,-2.29878479954483,"-1"
"398",-3.0138341619788,-1.84383662245444,"-1"
"399",-2.47730751129659,-1.62773748636218,"-1"
"400",-2.67725942024397,-1.8715390771431,"-1"
"401",-0.598977660514601,-1.32999547553939,"-1"
"402",-1.77272885669527,-0.499995395217545,"-1"
"403",-2.1055637113158,-2.43863564727698,"-1"
"404",-2.17231498634708,-2.00159010361063,"-1"
"405",-0.668881166303171,-2.45226026045364,"-1"
"406",-2.16810680811761,-1.16826060226849,"-1"
"407",-3.14826266657649,-1.12801973648764,"-1"
"408",-2.34763528080605,-1.37012264684958,"-1"
"409",-2.7714539930916,-1.84030406248143,"-1"
"410",-1.13981863262529,-2.17200881544091,"-1"
"411",-3.10715806552397,-2.43969748434922,"-1"
"412",-1.67867233608307,-2.16583617869429,"-1"
"413",-2.08659926620495,-1.5825476463958,"-1"
"414",-0.686977286644132,-0.486533236349888,"-1"
"415",-3.40088922434784,-2.52835349894938,"-1"
"416",-2.07527379592447,-2.05997054026023,"-1"
"417",-0.276804055004004,-2.76710863471913,"-1"
"418",-1.56425392830505,-2.1933013508709,"-1"
"419",-2.93182603808816,-2.15395598743468,"-1"
"420",-0.642624375076772,-2.72655748241616,"-1"
"421",-1.57173027094195,-1.7777563107914,"-1"
"422",-3.992913038341,-3.0657493478663,"-1"
"423",-1.23841301850342,-2.16089254222496,"-1"
"424",-3.44227828316658,-2.27469778894902,"-1"
"425",-2.93632019521021,-3.36774082288686,"-1"
"426",-3.08581742043097,-0.401348916193622,"-1"
"427",-1.96846474781187,-1.27479249359266,"-1"
"428",-1.30379216109643,-3.29274625218253,"-1"
"429",-1.97984147702342,-1.8313038339519,"-1"
"430",-1.3258603557573,-1.20871573913843,"-1"
"431",-2.28315662726091,-2.99978067373408,"-1"
"432",-2.85497810052327,-1.86626014113917,"-1"
"433",-2.21917464626499,-2.1158713319202,"-1"
"434",-2.192830970312,-1.05050539095229,"-1"
"435",-0.315587603625257,-2.63779786252235,"-1"
"436",-2.57368425103434,-0.727080456646648,"-1"
"437",-1.46648011814328,-1.81137033724323,"-1"
"438",-2.77732212658524,-2.89272481734278,"-1"
"439",-2.25963938233057,-2.34605699851384,"-1"
"440",-1.21114344127023,-2.3461341708684,"-1"
"441",-1.6635523692727,-0.986052506275267,"-1"
"442",-2.64991016770623,-1.33706565362456,"-1"
"443",-3.55879581815985,-2.01532903084834,"-1"
"444",-2.72265445542357,-2.14595790136553,"-1"
"445",-2.79221642126142,-0.559492327066355,"-1"
"446",-2.2329286700884,-1.7105439535297,"-1"
"447",-2.59026756297285,-2.48523397653082,"-1"
"448",-1.52364549013058,-1.70709477031643,"-1"
"449",-3.4091001505352,-1.18768299535674,"-1"
"450",-2.02263461763283,-1.04537142549874,"-1"
"451",4.75142756159093,1.37126841700266,"-1"
"452",4.08567344718755,0.281538073820719,"-1"
"453",1.72361616313718,0.0216429529832947,"-1"
"454",3.05935769616943,1.03873618454724,"-1"
"455",2.19046371270829,0.330668250392352,"-1"
"456",2.58472689770959,1.19507998393541,"-1"
"457",4.15065028162803,1.75610948284973,"-1"
"458",3.76173961045093,0.635917866794378,"-1"
"459",2.10896427933946,1.25883798377136,"-1"
"460",3.72083457052969,0.731726586526356,"-1"
"461",4.2064044335501,0.50622179448037,"-1"
"462",3.46127647645128,1.74551160136485,"-1"
"463",1.89890240318919,0.803468326835875,"-1"
"464",3.44121248978308,0.416683845823111,"-1"
"465",2.75179535097024,1.68288943048865,"-1"
"466",4.73607404670624,-0.625936776657519,"-1"
"467",2.59322786119888,0.499732628440826,"-1"
"468",3.56009059073405,0.271321138559245,"-1"
"469",2.47916608181493,0.385051307287255,"-1"
"470",3.95608742327328,0.828001894121642,"-1"
"471",2.90262932961492,1.70501115843188,"-1"
"472",4.83869811184999,2.09484152226809,"-1"
"473",1.96904755433939,1.75300720023394,"-1"
"474",2.44968961690609,-1.04411581270826,"-1"
"475",3.6107155639312,0.431291774216112,"-1"
"476",3.8530806564495,1.74260831588459,"-1"
"477",2.81574654556398,0.894460372156734,"-1"
"478",3.11602702917212,1.47334093639867,"-1"
"479",2.57962729547294,1.06345662288073,"-1"
"480",3.50054961252837,1.98282053012093,"-1"
"481",3.23502284421851,0.866279095701131,"-1"
"482",6.28843114061785,2.27080481637001,"-1"
"483",3.71215321516999,1.0010584299421,"-1"
"484",0.225954093024913,2.3585857890107,"-1"
"485",3.22758173602011,0.861092186721707,"-1"
"486",3.71790442937786,2.67657700748896,"-1"
"487",1.95665777657329,0.338516406535021,"-1"
"488",2.0585083553252,1.02657619929972,"-1"
"489",2.65536215607885,0.932737428423728,"-1"
"490",3.41554711828498,0.463310815966418,"-1"
"491",4.19179108871313,0.637430206865853,"-1"
"492",3.35451932455243,1.50781575598332,"-1"
"493",0.511067910146747,0.800725243862431,"-1"
"494",3.87776727802752,-0.33297143745942,"-1"
"495",1.96993741938786,2.03466684260528,"-1"
"496",4.47532633980533,-0.271700568282138,"-1"
"497",2.82861969512616,-2.11697462515117,"-1"
"498",2.6816118123202,1.37072295569576,"-1"
"499",2.13147565132555,1.06978071195309,"-1"
"500",2.92122088331193,0.130677308590012,"-1"
"501",4.45910675597276,3.0644994043952,"-1"
"502",1.66252104921195,1.00054862833759,"-1"
"503",1.91795260260859,0.531740353956585,"-1"
"504",3.58502997731709,-1.14202544162821,"-1"
"505",3.97906324191168,0.761308821820098,"-1"
"506",3.32870988595718,0.634822677132559,"-1"
"507",3.33529291090661,1.05068285491911,"-1"
"508",4.90734622969215,0.871573032911187,"-1"
"509",5.16002095501566,2.52279927287158,"-1"
"510",2.42806246470358,1.12804699099209,"-1"
"511",3.91508343469917,2.2581026079765,"-1"
"512",3.24416148246898,0.769746143871141,"-1"
"513",2.52356209452582,1.23178534022637,"-1"
"514",1.91831653014711,1.23861155060821,"-1"
"515",1.89380168665873,-0.265421451023096,"-1"
"516",2.84538969354577,1.73777291379906,"-1"
"517",3.33171381207351,1.92231432376051,"-1"
"518",4.13017684599841,0.176630473880732,"-1"
"519",3.92181114999959,0.0328998240052243,"-1"
"520",5.08307190740395,0.66861353094494,"-1"
"521",2.60496732018951,2.81684062255152,"-1"
"522",2.00126076705376,2.04821340894416,"-1"
"523",3.4119511938554,1.28580608709562,"-1"
"524",2.23186633665137,2.26455484373794,"-1"
"525",1.87573760956788,2.34647343139287,"-1"
"526",2.89554289500531,0.982742682399967,"-1"
"527",2.73867687981954,-0.00359337257979919,"-1"
"528",3.23536698793373,0.279686421198063,"-1"
"529",2.61902474842448,2.00775505536185,"-1"
"530",3.52777429605694,1.19356116649274,"-1"
"531",1.45161061065815,0.0715047823138009,"-1"
"532",1.47202040964455,1.60106221439557,"-1"
"533",2.98932837221216,-0.827261875378855,"-1"
"534",3.33688789804778,1.24200502160416,"-1"
"535",2.27912538444749,0.893205258354117,"-1"
"536",4.0398185910154,1.67302598525448,"-1"
"537",3.59287531927136,0.581241429535899,"-1"
"538",2.04324607153845,1.8968161621536,"-1"
"539",1.94356459594899,1.97258125795351,"-1"
"540",3.68320748746812,1.6061570827758,"-1"
"541",1.08838509275651,1.17222650020428,"-1"
"542",3.14489597930719,1.12811726650663,"-1"
"543",1.1213110228818,2.79222451906014,"-1"
"544",3.95665752280767,2.97406200004601,"-1"
"545",2.13797523286401,0.0481859010929709,"-1"
"546",2.75228151015778,0.827945137932129,"-1"
"547",1.5886719732044,1.29897218343789,"-1"
"548",4.29034114149829,0.557957278931605,"-1"
"549",4.47364105705512,0.0964292387828467,"-1"
"550",3.32506108899331,0.518319171321282,"-1"
"551",1.65100543486722,1.72524527751411,"-1"
"552",3.30869231187408,0.302958398729175,"-1"
"553",1.20753378793666,-0.0653991245014738,"-1"
"554",4.22471951635008,1.3926799856808,"-1"
"555",5.35625729740395,0.804511476327341,"-1"
"556",3.08533916186612,-0.318525056994165,"-1"
"557",3.98454370236868,2.69228409540654,"-1"
"558",5.0120465654314,0.973587074902161,"-1"
"559",2.73565992727173,1.18955883805926,"-1"
"560",4.06598627107075,0.885822048350618,"-1"
"561",1.66441986415342,0.506419682234075,"-1"
"562",1.83635292169552,1.47625161668531,"-1"
"563",3.1777029013122,0.797828874346691,"-1"
"564",4.7276920558765,0.437153588985107,"-1"
"565",2.72064564125982,0.585678651729673,"-1"
"566",3.07631341301117,0.451566642876311,"-1"
"567",2.24338167485164,1.51135385316956,"-1"
"568",3.87822767579064,1.69262972416282,"-1"
"569",1.62658589742029,2.2794369910765,"-1"
"570",4.46333011863038,2.48286615521549,"-1"
"571",3.50337840858046,0.277165935991883,"-1"
"572",3.59259598124236,0.265009484745262,"-1"
"573",1.25229608160826,1.20422371479284,"-1"
"574",2.45235119881884,1.08209506989822,"-1"
"575",4.62749561472297,1.19848556747025,"-1"
"576",2.06823636358221,1.9572844516374,"-1"
"577",1.50112663382294,-0.061661874760937,"-1"
"578",1.97803772491253,2.71003630288664,"-1"
"579",3.10224248127775,1.33791365376095,"-1"
"580",3.16841321437687,-0.577681579372659,"-1"
"581",3.19289098198607,2.71322229755697,"-1"
"582",2.56425903858233,-0.474717590707055,"-1"
"583",1.95203971355056,1.42159481662823,"-1"
"584",3.80628596911138,-0.1207882848848,"-1"
"585",3.17129925476159,1.65394782199137,"-1"
"586",4.69326793410495,1.59778699055528,"-1"
"587",2.92153512481634,0.2336455837366,"-1"
"588",2.66310695785226,1.1316713156106,"-1"
"589",4.14988129058299,0.133470317333407,"-1"
"590",2.9720164468709,-0.776755981762127,"-1"
"591",3.55184159784765,-1.00487924705227,"-1"
"592",1.94302081265311,1.76036387666321,"-1"
"593",2.94957584773584,0.813867062502618,"-1"
"594",6.17543345503,2.12491297004479,"-1"
"595",0.467769060569572,1.71852331256388,"-1"
"596",2.34075395596737,-1.29533164518789,"-1"
"597",2.68079976912771,0.20702598951786,"-1"
"598",4.27148374027484,2.86542922801796,"-1"
"599",3.70922885050074,-0.925528536267504,"-1"
"600",4.72551425966179,1.19992469130937,"-1"
